"421D7F75-71F9-4285-A9BD-A103F983997A","4631AC07-672A-436B-BC3D-DD92B44EFF56"
"421D7F75-71F9-4285-A9BD-A103F983997A","EA610971-DBF2-4B26-B5B5-115A2EFF4E60"
"421D7F75-71F9-4285-A9BD-A103F983997A","EE50C629-9F4C-4205-BA54-79974926F366"
"421D7F75-71F9-4285-A9BD-A103F983997A","F8565890-54A8-499B-8888-7D7E389B0BC4"
"421D7F75-71F9-4285-A9BD-A103F983997A","33DBB057-0B14-409F-B6ED-FBACE934BB28"
"421D7F75-71F9-4285-A9BD-A103F983997A","EF24A7CC-969D-468D-ACBA-B4C725888791"
"421D7F75-71F9-4285-A9BD-A103F983997A","D43CECE1-27A4-41C6-AC3C-F1C5198CE9B5"
"421D7F75-71F9-4285-A9BD-A103F983997A","7BABFE2D-F469-4F0C-B6C1-480A26D6D903"
"421D7F75-71F9-4285-A9BD-A103F983997A","711F958E-005C-4BF3-9DFD-44D7DE03EAC5"
"421D7F75-71F9-4285-A9BD-A103F983997A","96C1E475-95EA-44BA-934F-8836D75D423C"
"421D7F75-71F9-4285-A9BD-A103F983997A","DA05D410-4476-4B69-92D9-31BBCA377E52"
"421D7F75-71F9-4285-A9BD-A103F983997A","D56EC1A6-EA53-4CAF-82EE-7996AD5A5346"
"421D7F75-71F9-4285-A9BD-A103F983997A","4E34E7CB-608B-4C33-A00E-C68A2992B467"
"421D7F75-71F9-4285-A9BD-A103F983997A","30C5A670-CEB6-4082-990E-CB827D3C17A5"
"421D7F75-71F9-4285-A9BD-A103F983997A","BE8F5ECE-D7B7-4130-9468-E80E33F850CE"
"421D7F75-71F9-4285-A9BD-A103F983997A","A61227D8-28FD-4C06-816E-FF118281D3BE"
"421D7F75-71F9-4285-A9BD-A103F983997A","A318EA0F-94F7-424C-ACC2-BE229F662310"
"421D7F75-71F9-4285-A9BD-A103F983997A","02707C5C-EECA-4391-8FD7-04D14223BFAD"
"421D7F75-71F9-4285-A9BD-A103F983997A","A9BE30E2-30FA-473B-AE23-F8B46EF05E71"
"421D7F75-71F9-4285-A9BD-A103F983997A","6A679401-F13F-4C5E-AF9B-FCC010FB32BA"
"421D7F75-71F9-4285-A9BD-A103F983997A","1B3E3A7D-4C87-4A4F-8428-79E6309A484C"
"421D7F75-71F9-4285-A9BD-A103F983997A","DE71D93B-D892-4E96-BE89-24BAC0543907"
"421D7F75-71F9-4285-A9BD-A103F983997A","BA803D44-3704-4E9C-AFB6-7006458F3F52"
"421D7F75-71F9-4285-A9BD-A103F983997A","8ECC90FF-8009-4A66-ADF4-CF595374AFC1"
"421D7F75-71F9-4285-A9BD-A103F983997A","1056EF24-73CA-4696-B36C-F8709B56ABB9"
"421D7F75-71F9-4285-A9BD-A103F983997A","4B5C4051-2B36-4536-A8B3-5CF94B6136B4"
"421D7F75-71F9-4285-A9BD-A103F983997A","22FB8DC9-EC13-4DCF-9B5F-16BD55370418"
"421D7F75-71F9-4285-A9BD-A103F983997A","ECB56F4A-BCE3-4DCA-8924-8D320A65A940"
"421D7F75-71F9-4285-A9BD-A103F983997A","B409827A-6C0B-49BE-BA06-18E7B27DA08E"
"421D7F75-71F9-4285-A9BD-A103F983997A","B476B876-0A48-46D5-A29C-D3633547CE83"
"421D7F75-71F9-4285-A9BD-A103F983997A","64A7A339-5BAB-46DD-BF04-08E8DFE2F37D"
"421D7F75-71F9-4285-A9BD-A103F983997A","E286267E-77FA-4155-A6F2-1BAD2F555D16"
"421D7F75-71F9-4285-A9BD-A103F983997A","80306676-4B22-4C6F-949F-AA728D67B398"
"421D7F75-71F9-4285-A9BD-A103F983997A","461BB839-D49E-4058-BB36-209AD32A4889"
"421D7F75-71F9-4285-A9BD-A103F983997A","9AD539E3-CDFA-4523-8122-20BB9734166A"
"421D7F75-71F9-4285-A9BD-A103F983997A","43526CF4-D5D4-4225-9588-9499F3809E16"
"421D7F75-71F9-4285-A9BD-A103F983997A","AB4F6379-51F2-4DED-BC77-5C1DD351D262"
"421D7F75-71F9-4285-A9BD-A103F983997A","FA9044B1-F7FD-425A-8350-81829750C159"
"421D7F75-71F9-4285-A9BD-A103F983997A","5C628EE6-EA33-4AA5-A78C-DE6FBE9117AB"
