"488F8A42-0FE7-444E-99F6-A6A87523671D","80BA3F9F-1991-4084-ACF8-F326A0D50953"
"488F8A42-0FE7-444E-99F6-A6A87523671D","6D2BD73C-E52A-42B9-93C1-7B901867A134"
"488F8A42-0FE7-444E-99F6-A6A87523671D","2DFB8FA9-9135-4E91-B79B-5BC4838CC22F"
"488F8A42-0FE7-444E-99F6-A6A87523671D","5D49D849-0BC8-4040-B7A8-24B528A5C0D2"
"488F8A42-0FE7-444E-99F6-A6A87523671D","EBE257F6-7E81-417C-816A-6EF1740C2265"
"488F8A42-0FE7-444E-99F6-A6A87523671D","F060E315-52EE-4432-8B6F-D45EBDDFACBE"
"488F8A42-0FE7-444E-99F6-A6A87523671D","3147B1A4-CB4F-4623-AB03-759744BF6B39"
"488F8A42-0FE7-444E-99F6-A6A87523671D","3530D5C3-D637-465D-992F-B69BF0169FFE"
"488F8A42-0FE7-444E-99F6-A6A87523671D","027DBAFF-FEE8-4D0A-9B24-3C868E0B79EC"
"488F8A42-0FE7-444E-99F6-A6A87523671D","E391F000-4670-413B-975C-BF3809D3B8D9"
"488F8A42-0FE7-444E-99F6-A6A87523671D","09A0FD8D-8DF3-408D-A14D-E5BCF24D7214"
"488F8A42-0FE7-444E-99F6-A6A87523671D","CDDADCE7-CC71-4357-BDB8-1C565F71A984"
"488F8A42-0FE7-444E-99F6-A6A87523671D","7AC09BF2-17D1-459E-8219-2E4ABC8D4A99"
"488F8A42-0FE7-444E-99F6-A6A87523671D","190A9B52-DBCB-4AE6-9F00-0547412684C0"
"488F8A42-0FE7-444E-99F6-A6A87523671D","C504B19C-BF0C-4B9C-9FCC-D91E0A45D2E3"
"488F8A42-0FE7-444E-99F6-A6A87523671D","97BB79DC-9CEE-4530-A6AD-7C4020B36379"
"488F8A42-0FE7-444E-99F6-A6A87523671D","4DD0CDB0-6F57-45DE-8F2A-98D6945684C0"
"488F8A42-0FE7-444E-99F6-A6A87523671D","24517575-DBBF-4B4D-9A7F-B44C0D00F9A5"
"488F8A42-0FE7-444E-99F6-A6A87523671D","2BA39C69-AA07-4DEA-AF79-E1A7A2C1C800"
"488F8A42-0FE7-444E-99F6-A6A87523671D","DBD16E55-0F05-43B1-A130-3DB2B17D0BF7"
"488F8A42-0FE7-444E-99F6-A6A87523671D","07071842-0B2F-425B-886A-4F389A11228D"
"488F8A42-0FE7-444E-99F6-A6A87523671D","08BAEAEE-295C-46F1-B663-CD549219BF9B"
"488F8A42-0FE7-444E-99F6-A6A87523671D","10760EE7-DE61-44E8-8EC3-C9FCCD8CD3CF"
"488F8A42-0FE7-444E-99F6-A6A87523671D","3D6AF0A6-4498-41BD-A54B-BAF5F7D52488"
"488F8A42-0FE7-444E-99F6-A6A87523671D","CBB8B49B-F217-4D6E-93AF-D0BD3F0F5882"
"488F8A42-0FE7-444E-99F6-A6A87523671D","95B2ABEF-0436-4D22-BD45-6A54FF3E4CCC"
"488F8A42-0FE7-444E-99F6-A6A87523671D","9E7CE405-825E-406F-931F-B064A5A614A4"
"488F8A42-0FE7-444E-99F6-A6A87523671D","B27533AD-3BA6-4DD6-AAF1-C75AA8740393"
"488F8A42-0FE7-444E-99F6-A6A87523671D","4865E74E-84D1-4215-8135-0465A4912264"
"488F8A42-0FE7-444E-99F6-A6A87523671D","6EECA8C4-E9C0-483E-B83F-53FFD3089E1D"
"488F8A42-0FE7-444E-99F6-A6A87523671D","D784905B-7A8A-434B-895F-8E3E1967224D"
"488F8A42-0FE7-444E-99F6-A6A87523671D","762B0243-286F-4388-8910-6275432CDA98"
"488F8A42-0FE7-444E-99F6-A6A87523671D","1B23BD86-6020-410C-A19B-23867072DBEC"
"488F8A42-0FE7-444E-99F6-A6A87523671D","96438577-C4F5-4F81-A8AD-0EB64045CB69"
"488F8A42-0FE7-444E-99F6-A6A87523671D","E7880691-D20D-4990-9EA0-AA772EDFCC95"
"488F8A42-0FE7-444E-99F6-A6A87523671D","AC66FE6F-7927-4E6C-B670-682341F24874"
"488F8A42-0FE7-444E-99F6-A6A87523671D","D7C9C6BF-21A4-44E9-9C40-082A079A62AD"
