"CFE74AE6-2844-4071-AC70-2577F20E341C","76B129DE-3AB0-486C-9058-A660DF116B67"
"CFE74AE6-2844-4071-AC70-2577F20E341C","17AAFD02-01E2-4547-B7CF-4F713FF98045"
"CFE74AE6-2844-4071-AC70-2577F20E341C","EA3787A9-6E5D-4BB7-9B67-71AFD5F3BDCD"
"CFE74AE6-2844-4071-AC70-2577F20E341C","7201C58A-BFF3-497A-85F1-AB37650683E7"
"CFE74AE6-2844-4071-AC70-2577F20E341C","F2E96161-E6B8-4A85-83EC-02C466B5172B"
"CFE74AE6-2844-4071-AC70-2577F20E341C","B9C234A5-6151-4617-AAF7-17D48A16D236"
"CFE74AE6-2844-4071-AC70-2577F20E341C","D174D3DB-0E95-45B1-93B8-795662C01775"
"CFE74AE6-2844-4071-AC70-2577F20E341C","E371AAFF-4F2A-489D-9474-375AF46EE6A9"
"CFE74AE6-2844-4071-AC70-2577F20E341C","30F20E02-6855-410B-96A9-E881FE936157"
"CFE74AE6-2844-4071-AC70-2577F20E341C","838D871A-D67F-48E8-ACDF-AF844674A4E6"
"CFE74AE6-2844-4071-AC70-2577F20E341C","8531E045-45E7-4536-BBDA-7DDBAB02C254"
"CFE74AE6-2844-4071-AC70-2577F20E341C","3DAFFC88-3EB7-475B-8B3F-809A7CBE8A4E"
"CFE74AE6-2844-4071-AC70-2577F20E341C","4EC23108-4042-4B41-AC81-9E259C022FCC"
"CFE74AE6-2844-4071-AC70-2577F20E341C","76542073-C9D3-4CC4-B2AE-E92114BCD98D"
"CFE74AE6-2844-4071-AC70-2577F20E341C","569471A8-A427-4F37-A16D-86D8B2296522"
"CFE74AE6-2844-4071-AC70-2577F20E341C","F69A0A15-B06A-4E1A-A139-0FD566FFCE88"
"CFE74AE6-2844-4071-AC70-2577F20E341C","1E015593-EBCC-4E56-8C7E-B38427B36D28"
"CFE74AE6-2844-4071-AC70-2577F20E341C","0B94C2F8-AFB1-4F00-B247-95598462C6B1"
"CFE74AE6-2844-4071-AC70-2577F20E341C","9215695D-043A-4AE5-B1C6-BF252036E0E5"
"CFE74AE6-2844-4071-AC70-2577F20E341C","09C11CA7-7DF4-4D1A-8189-37718C3017A8"
"CFE74AE6-2844-4071-AC70-2577F20E341C","C3074BB1-4630-48F3-AFF9-DE2CF8004F56"
"CFE74AE6-2844-4071-AC70-2577F20E341C","B1D28C3B-A7AF-4846-B950-E2FCA705FA29"
"CFE74AE6-2844-4071-AC70-2577F20E341C","031BA7DC-BBFE-4479-AD6A-585C9F72D989"
"CFE74AE6-2844-4071-AC70-2577F20E341C","B530F9AD-9080-4596-B2F8-4A3ACD507D0A"
"CFE74AE6-2844-4071-AC70-2577F20E341C","5506AD71-168D-4C5C-A1CC-DE75919A7F97"
"CFE74AE6-2844-4071-AC70-2577F20E341C","8DB5C6DF-D7FD-4575-806F-55E0C708DB87"
"CFE74AE6-2844-4071-AC70-2577F20E341C","8AA160B0-F0B8-48F7-B98A-EAEA65BCDD19"
"CFE74AE6-2844-4071-AC70-2577F20E341C","82A634F1-B577-4ADE-AFD3-68B3BA28B003"
"CFE74AE6-2844-4071-AC70-2577F20E341C","FE771B74-1D4C-4101-8024-2DDD8DB72F1F"
"CFE74AE6-2844-4071-AC70-2577F20E341C","BB2F63C5-BE49-4ED6-A87B-16EF1DDBA421"
"CFE74AE6-2844-4071-AC70-2577F20E341C","DEC074DC-F0EC-45A9-8E09-C81693641A73"
"CFE74AE6-2844-4071-AC70-2577F20E341C","7505F564-393C-4227-A276-7E998D6A2BDD"
"CFE74AE6-2844-4071-AC70-2577F20E341C","402AF103-3D60-455D-A1DF-56454FADAA94"
"CFE74AE6-2844-4071-AC70-2577F20E341C","A97905D6-1240-4467-9035-C90874E17AA4"
"CFE74AE6-2844-4071-AC70-2577F20E341C","9D45E0E4-8039-4E2D-998A-3C21C15584E4"
"CFE74AE6-2844-4071-AC70-2577F20E341C","70DF8A80-508C-4EA6-996F-EC55FA46ADE0"
"CFE74AE6-2844-4071-AC70-2577F20E341C","F52235AB-38FE-4BCA-BD79-7F2B6005009D"
"CFE74AE6-2844-4071-AC70-2577F20E341C","291BECC9-4D08-41DB-B7AE-524938BB8276"
"CFE74AE6-2844-4071-AC70-2577F20E341C","EAEE5890-C900-4AB6-9A14-C84F2428E362"
"CFE74AE6-2844-4071-AC70-2577F20E341C","0A305C3C-C7E2-41B5-80BF-F50FF6F109B5"
"CFE74AE6-2844-4071-AC70-2577F20E341C","67E31524-E702-446F-A7CE-C63B127463A7"
"CFE74AE6-2844-4071-AC70-2577F20E341C","0B2AD60B-5406-47B9-A10C-FE59FFF6666F"
"CFE74AE6-2844-4071-AC70-2577F20E341C","CB1D5FAE-C349-4B03-9765-BE388EE3A9EE"
"CFE74AE6-2844-4071-AC70-2577F20E341C","9C43EA79-F024-4C47-A7AB-BC15D421231E"
"CFE74AE6-2844-4071-AC70-2577F20E341C","888AB8F5-0E9E-486A-B61A-B29AC6034B0B"
"CFE74AE6-2844-4071-AC70-2577F20E341C","092D388C-F2A9-49DB-8EB4-A4A3B3190718"
"CFE74AE6-2844-4071-AC70-2577F20E341C","715B50E6-3EFE-4E95-9A7D-5FA25B63359A"
"CFE74AE6-2844-4071-AC70-2577F20E341C","045B71D4-6328-46CE-92C8-50CB61E8FEA7"
"CFE74AE6-2844-4071-AC70-2577F20E341C","5CEDA202-16DA-434A-842B-3E6CD1CD6F92"
"CFE74AE6-2844-4071-AC70-2577F20E341C","638FA10E-F58C-4A3F-BED2-5C0CB0EB5830"
"CFE74AE6-2844-4071-AC70-2577F20E341C","D7C4AEDF-7435-4EA4-A5B1-D8BBB0D071B9"
"CFE74AE6-2844-4071-AC70-2577F20E341C","9A726C4A-A62C-43C7-A5CE-5B10FDA78F3E"
"CFE74AE6-2844-4071-AC70-2577F20E341C","D5F9A885-30B0-4EF8-A560-FA3F1AF61339"
"CFE74AE6-2844-4071-AC70-2577F20E341C","0C6F88E5-1FDE-400F-86DD-4A8C0E28C80A"
"CFE74AE6-2844-4071-AC70-2577F20E341C","36F6FFB9-9E6F-4C8A-91C2-9B2005D11050"
"CFE74AE6-2844-4071-AC70-2577F20E341C","6A4B14D7-31D9-42AE-8332-D97BA0472FAF"
"CFE74AE6-2844-4071-AC70-2577F20E341C","B09DBC63-0B50-42A6-AEC8-8AB0526B0DB2"
"CFE74AE6-2844-4071-AC70-2577F20E341C","68FDD98A-C1C3-4A51-885B-21F1DCCC768B"
