"EE96A740-FB8F-478E-AB9A-6A6676EEACB9","EED96DE8-93F2-43FB-A1A2-D139977AA03C"
"EE96A740-FB8F-478E-AB9A-6A6676EEACB9","A3D20EE3-B1A4-4F94-9403-B719337D2C90"
"EE96A740-FB8F-478E-AB9A-6A6676EEACB9","2174A4A0-9883-4241-B1F3-793268F32097"
"EE96A740-FB8F-478E-AB9A-6A6676EEACB9","4C1D1032-D02B-4939-BC41-7671909F163C"
"EE96A740-FB8F-478E-AB9A-6A6676EEACB9","DECDBE5C-1E9C-493E-BAF7-CF86748F42F7"
"EE96A740-FB8F-478E-AB9A-6A6676EEACB9","5102F07D-A16A-4BDE-9037-862D4186CCA9"
"EE96A740-FB8F-478E-AB9A-6A6676EEACB9","3479A715-2B4D-449C-A12C-ACAE43E0434B"
"EE96A740-FB8F-478E-AB9A-6A6676EEACB9","15200B50-74CD-4351-9D0E-D4AC32EE7EC6"
"EE96A740-FB8F-478E-AB9A-6A6676EEACB9","91CEDCE2-B1CF-424A-8977-51E048D99083"
"EE96A740-FB8F-478E-AB9A-6A6676EEACB9","82FCA2FD-AA82-49F3-AC93-233748E97D1C"
"EE96A740-FB8F-478E-AB9A-6A6676EEACB9","583D0038-EA10-4F93-ACF6-209E9E527ED8"
"EE96A740-FB8F-478E-AB9A-6A6676EEACB9","9199617B-0EEA-435B-8801-0951CAFFEDA2"
"EE96A740-FB8F-478E-AB9A-6A6676EEACB9","C3F83159-FCF7-498D-9670-837289AF7B86"
"EE96A740-FB8F-478E-AB9A-6A6676EEACB9","5ADD4BB2-FEAF-411E-BEC4-69E3A0C63C8B"
"EE96A740-FB8F-478E-AB9A-6A6676EEACB9","DE6708A9-BABC-4FB8-B434-0169E9159AF6"
"EE96A740-FB8F-478E-AB9A-6A6676EEACB9","D9996D98-19F0-4325-809B-F17074FDFD91"
"EE96A740-FB8F-478E-AB9A-6A6676EEACB9","B9C3AFA7-ED04-466D-AC1E-67D90EFE1786"
"EE96A740-FB8F-478E-AB9A-6A6676EEACB9","E07AE63D-F54C-47B0-BE24-0BA4F7694440"
"EE96A740-FB8F-478E-AB9A-6A6676EEACB9","C5D81E5A-6CE3-4C3E-91C0-67B89662553F"
"EE96A740-FB8F-478E-AB9A-6A6676EEACB9","E06DEDA4-3816-401B-AED8-A5F138D37323"
"EE96A740-FB8F-478E-AB9A-6A6676EEACB9","32721E98-E138-4FAB-9606-5AFE0724525E"
"EE96A740-FB8F-478E-AB9A-6A6676EEACB9","1C15C954-3505-4934-9743-6D9A51F3075E"
"EE96A740-FB8F-478E-AB9A-6A6676EEACB9","9AFE16AF-CCB7-4289-9334-EC5DBDFE09FD"
"EE96A740-FB8F-478E-AB9A-6A6676EEACB9","9D417169-8D47-48A5-9C23-B04CA4F6C9A3"
"EE96A740-FB8F-478E-AB9A-6A6676EEACB9","EC1C14EB-849C-457B-9FF9-7B30B893C404"
"EE96A740-FB8F-478E-AB9A-6A6676EEACB9","E5C9F2CC-D1A9-4068-8A84-D284719DBF2C"
"EE96A740-FB8F-478E-AB9A-6A6676EEACB9","0CFE5A87-8F59-4918-B4B3-0775CF9078CD"
"EE96A740-FB8F-478E-AB9A-6A6676EEACB9","30082941-AB11-4759-9E71-FC5D9D28115E"
"EE96A740-FB8F-478E-AB9A-6A6676EEACB9","FC5D6CEC-0E50-4A4F-B134-9A738DDFA384"
"EE96A740-FB8F-478E-AB9A-6A6676EEACB9","0F9699CF-6833-4536-8286-CB2F858982F6"
"EE96A740-FB8F-478E-AB9A-6A6676EEACB9","8ECE75C7-BEC9-4080-B9FC-D0FBB5137F25"
"EE96A740-FB8F-478E-AB9A-6A6676EEACB9","1EDA9C31-BE93-4C67-91BA-735A1B6A0A5B"
"EE96A740-FB8F-478E-AB9A-6A6676EEACB9","F263F973-0F10-4E19-AB37-C21838EA705D"
"EE96A740-FB8F-478E-AB9A-6A6676EEACB9","E5AE8CDB-F40B-47FC-BB48-7859E1F03C0C"
"EE96A740-FB8F-478E-AB9A-6A6676EEACB9","7778DDDB-A710-4105-8597-F930D5D5925C"
"EE96A740-FB8F-478E-AB9A-6A6676EEACB9","83B03E0D-3922-44E3-A090-1FFD916EF890"
"EE96A740-FB8F-478E-AB9A-6A6676EEACB9","AC92232B-1FDF-4204-8C28-8EBAA172E3E0"
"EE96A740-FB8F-478E-AB9A-6A6676EEACB9","33BADC3E-10BD-4BD3-A445-A48D2794FA8E"
"EE96A740-FB8F-478E-AB9A-6A6676EEACB9","A4561EE0-D37F-4C67-B8A8-3E0C52EE9FB3"
"EE96A740-FB8F-478E-AB9A-6A6676EEACB9","C061C409-8025-4862-8F19-D4B6890D59E6"
"EE96A740-FB8F-478E-AB9A-6A6676EEACB9","51ED9E97-4DC7-4740-A3AB-065D65B12EE8"
"EE96A740-FB8F-478E-AB9A-6A6676EEACB9","B8A2ABA1-B696-4FB9-99A1-879358225FC0"
"EE96A740-FB8F-478E-AB9A-6A6676EEACB9","8E78E7A3-C721-453B-8339-535498F3618B"
