ADBA8A4B-02D5-4A33-87C8-AFAA56AFB515,Complete aircraft,0.25,Numbers / day,12-04-2016,12-04-2016,E54BF9E4-7260-4B5E-B04D-86653D3B20C3
20267347-96B4-47C3-9CC0-4F3F58DBA12C,Power (MW/hr),21,Numbers / day,22-04-2016,22-04-2016,1BFF25FF-FA3F-4DA3-A915-D77D588F39B2
FC0BA191-360C-4FD8-838F-98BC675F378D,mobile phone,50000,Numbers / day,22-04-2016,22-04-2016,09FDB30C-4FAC-42BB-8B89-2CADA25D8AAD
23B0ECE7-D810-4F1B-8C8A-95976BBC4645,Farmed/processed fish,1.37,TPD (Tons / day),11-05-2016,11-05-2016,8F88F19A-3AC7-48BB-A60D-C694F45B9452
BE1D7122-5F57-4628-AFB3-84BE1BF3A663,Rice ,5000,TPD (Tons / day),06-06-2016,06-06-2016,636A552C-E250-4AA9-B061-9C3BD08BCE4E
A4D1DD8B-BC15-4CC1-841A-19FA16578AD4,Master Batches,4,TPD (Tons / day),20-06-2016,20-06-2016,B56EEEF9-D09F-468D-9C53-F5181CD5DB8A
FDDB75DF-67D1-476E-96B1-610E2AC7F28C,pre cast elements,25,TPD (Tons / day),15-06-2016,15-06-2016,D11E7DA1-910C-4966-A196-304DF53D894D
EA458CF5-6300-43DF-B90F-D3D2EF14A900,KATHA,70,TPD (Tons / day),16-06-2016,16-06-2016,0D62C104-18C8-4241-8D31-C3BD5114A250
805E0F2C-F0B7-475A-BE8B-4D920C285B45,Rice,27,TPD (Tons / day),17-06-2016,17-06-2016,14A56E24-EC16-435D-A52F-D4381F6CC028
800ACC49-1C26-4278-AF8A-30BBDACD2A9F,rice bran,3,TPD (Tons / day),17-06-2016,17-06-2016,14A56E24-EC16-435D-A52F-D4381F6CC028
32F99A06-27F8-4FD1-8F64-9A0CBCA1358E,Husk,7,TPD (Tons / day),17-06-2016,17-06-2016,14A56E24-EC16-435D-A52F-D4381F6CC028
F6582FD5-2F97-4D42-8F41-13BBE26F72B6,POLUTRY FEED,30,TPD (Tons / day),22-06-2016,22-06-2016,CFE5D89C-F0A3-4B77-9137-EFC8EC994E54
76DEB36D-C523-46FC-99E8-84888ED4E800,pqr,2,TPD (Tons / day),30-06-2016,30-06-2016,9F58D236-595D-47FC-B277-1E4EE396B398
7D93368C-A6D4-452F-A86D-71B92EB1F110,Chimney,140,Numbers / day,05-07-2016,05-07-2016,29E6E465-BBD1-49B2-8815-3E00885CFA5F
E136ACB4-5E0C-44C3-9EC4-A683E08298BF,Cook Tops,358,Numbers / day,05-07-2016,05-07-2016,29E6E465-BBD1-49B2-8815-3E00885CFA5F
56BD80D6-8E5B-4266-98E2-8B3C61D80601,small appliances,236,Numbers / day,05-07-2016,05-07-2016,29E6E465-BBD1-49B2-8815-3E00885CFA5F
FC8220A0-5C5C-4266-B29B-5D1C587426DF,Peddy,40,TPD (Tons / day),04-07-2016,04-07-2016,3B6B2D58-5F32-4B00-AB1B-3F090549F445
590D715C-EBD8-4871-85A0-CFFDF0FBE4D0,643,54,TPD (Tons / day),13-07-2016,13-07-2016,2A455F68-E8AC-4A00-BB80-1EB09F44788E
E2230228-ECAF-45BB-A4B7-9BC40DB67239,AUTO ACCESSORIES,11000,TPD (Tons / day),15-07-2016,15-07-2016,75B13AD4-63E9-4F2C-B112-F76E4FE3DC2B
6EACC13A-4E4E-4BBC-BAA1-C216B69EAE4E,glycerine,3,TPD (Tons / day),14-07-2016,14-07-2016,CBB99067-6D14-49FA-97CD-F2B9DBFB3530
79F5A3F4-05C9-41B5-987F-12A257AB83EA,tar,7,TPD (Tons / day),14-07-2016,14-07-2016,CBB99067-6D14-49FA-97CD-F2B9DBFB3530
A2BF9384-43F7-4DAF-B91E-9DE01D68D801,biodiesel,100,TPD (Tons / day),14-07-2016,14-07-2016,CBB99067-6D14-49FA-97CD-F2B9DBFB3530
ECD9B899-E634-4080-9671-9006961E8F4E,Filter Paper,1,TPD (Tons / day),13-07-2016,13-07-2016,2F8F31CE-20F6-4393-80E6-AEED15585035
89D6561D-4588-4453-909E-39455215B02C,AUTO ACCESSORIES,5000,Numbers / day,18-07-2016,18-07-2016,003710B8-5A18-4F5A-8E39-2689BEED7CE9
B1750E49-56BE-434A-827B-5BE155C2F3E4,Rice Mill,86800,TPD (Tons / day),18-07-2016,18-07-2016,1F40AA27-7816-4352-90E9-79C7797A6529
E27F0A05-CB8C-4F8A-BE45-20F99CC5D2E2,Filter Paper,1,TPD (Tons / day),18-07-2016,18-07-2016,4A8972F7-8B12-4EEA-8BA2-4372610A1665
6794FF1D-5AAF-412F-A398-0064BD20475D,ELECTRICAL PANEL,8,Numbers / day,26-07-2016,26-07-2016,5B55C896-9856-4F7C-A5E5-A7E8331148E8
44101485-C742-429B-A9BF-0C76195E5F6A,bright bar,9.75,TPD (Tons / day),18-07-2016,18-07-2016,FE026BD9-0DB6-42D6-B87E-7FC9D26FF03A
87DC9ACB-475F-4758-87CF-323B4E3CD042,FAN DOWN ROD,20000,Numbers / day,19-07-2016,19-07-2016,A7426E80-443D-4EDB-A48C-C9973AB63003
9B340A00-29D5-4BAF-AF89-676703645FE0,FAN SHACKLE,30000,Numbers / day,19-07-2016,19-07-2016,A7426E80-443D-4EDB-A48C-C9973AB63003
0FBBBD2A-3E91-4B29-909D-7886D0F131B9,FAN SHAFT,5000,Numbers / day,19-07-2016,19-07-2016,A7426E80-443D-4EDB-A48C-C9973AB63003
206FF383-4745-46E5-AE13-92E912C8DA74,FAN SHANK,30000,Numbers / day,19-07-2016,19-07-2016,A7426E80-443D-4EDB-A48C-C9973AB63003
CE151D1A-C57B-4701-B3D9-9E2EDB0871F3,Drawn Wire,24.5,TPD (Tons / day),19-07-2016,19-07-2016,24D84CC1-4F4A-4598-8862-48AB2BC7E0BD
EC900FA5-A7B7-48B9-8DA6-0569F606835E,Drawn Wire,24.5,TPD (Tons / day),19-07-2016,19-07-2016,722B6E83-9CDA-4DA9-8F10-507751DEA1C2
277B004D-B71F-48F7-B8D7-DCFBD918EFDB,Processed Pulses,24,TPD (Tons / day),20-07-2016,20-07-2016,81E3DF26-3497-4FFE-A403-88401FE6AB7B
BB61174E-C641-4117-AEB4-14C0686A6FC3,Other biproducts,6,TPD (Tons / day),20-07-2016,20-07-2016,81E3DF26-3497-4FFE-A403-88401FE6AB7B
66746557-F532-4896-B936-4F33CD3EE41F,High Value Yarn,0.8,TPD (Tons / day),20-07-2016,20-07-2016,809D2273-318D-47E6-99DC-15DD1C8B3F13
29E7D225-43F4-40C1-9FE8-72A440720BE8,Carton Packing Machine,10,Numbers / day,26-09-2016,26-09-2016,90F930F4-03AC-4824-8459-A9196B799F1A
A28666C1-9BD1-46AA-B2F2-FC9E53B4B65F,Pouch Packing Machine,10,Numbers / day,26-09-2016,26-09-2016,90F930F4-03AC-4824-8459-A9196B799F1A
E096E59E-1681-4B71-AA5B-20E76F22E9DD,PU Rubber Roller,30,Numbers / day,20-07-2016,20-07-2016,40887F0A-82EA-4470-BE94-316210EE2DCB
79FC69D6-7AB2-457D-B97C-EA313D22F778,POWER,48000,Numbers / day,21-07-2016,21-07-2016,86E3D922-A513-41CE-889D-77CEA73C0D41
2A67B7BE-7BF7-4132-B60E-3324393C2A65,SODIUM SILICATE,12,TPD (Tons / day),23-07-2016,23-07-2016,3B5D2E2D-6FB4-47F1-9022-21611C51B2FA
F0952010-B4F1-4197-A3B2-4E66549E617F,"BREAD, BAKERY, COOKIES AND FOODS",3,TPD (Tons / day),05-10-2016,05-10-2016,786AB534-9953-4E73-A8A8-8A2E9449BA17
35114857-2D29-4AAC-A0EB-986F42E7843C,Servicing,20,Numbers / day,22-07-2016,22-07-2016,E81E797F-4B24-4C5F-A5A9-9CDF4FE108A4
96AF1AF3-FE82-4AE7-9374-B1553FAB87C0,FANS ,2500,Numbers / day,25-07-2016,25-07-2016,664CD889-F72A-4231-9761-4D785C6CFC13
CF41CD4D-81BC-48C3-B33B-5F1AC0449E49,HOT HEATER ,2500,Numbers / day,25-07-2016,25-07-2016,664CD889-F72A-4231-9761-4D785C6CFC13
D1F4DA35-5E4E-4CCA-9131-960C7790FCBE,Particle board and fibreboard including densified wood,3000,Numbers / day,25-07-2016,25-07-2016,EEB24624-826F-497F-87CD-F6E675A3716F
4E12E3D1-BA65-44F7-822E-78B6B1C622D3,Nut Bolt,8,TPD (Tons / day),25-07-2016,25-07-2016,37B4ECCD-EEE6-467E-987E-2DC5B3E1EE28
C7690F89-6F70-48DC-ACB8-DDFD9F81BD7E,BLANKET,8,TPD (Tons / day),25-07-2016,25-07-2016,5A28ED40-4CDA-477E-85A5-14C730902863
2394DC9A-EF73-4AEE-99A1-0DD7B04C2E8E,MARKING MACHINES,1,Numbers / day,26-07-2016,26-07-2016,9A169728-744B-4B70-B553-CF02F4F44019
0A38EC68-AB64-4028-9B7D-C318020FC09F,Fly Ash Bricks,12000,Numbers / day,26-07-2016,26-07-2016,8F89E6EF-9FAD-4B71-882F-C08C0E001149
CF72C671-0A04-4C04-A100-D7DF755F50BC,Door Fitting Items,3000,Numbers / day,26-07-2016,26-07-2016,B0739596-829A-4D53-B5C5-6B0664A242C3
03CC2ED2-D18B-4709-A9A1-BD6A8B61C18F,Bricks,12000,Numbers / day,26-07-2016,26-07-2016,311001DE-2AFD-4343-A8EA-6EA5FF6747D1
7C427651-AD1C-4FB8-8586-0E657F218CE4,High Pressure Decorative Laminates,1500,Numbers / day,29-07-2016,29-07-2016,9AAD1213-10FE-4DFC-A04E-190E8B397C53
FD0714BF-0239-4AEB-BA46-EAB00E50DCB8,PLASTICS MOLDED HOUSE HOLD AND PACKAGING ITEMS,35000,Numbers / day,01-08-2016,01-08-2016,2C1BC201-548F-4454-9799-0AB775C64AED
922E60E8-09F3-49F2-B384-E896EF8BCDCD,Thread,7100,Numbers / day,30-07-2016,30-07-2016,3C1B6FE0-707C-4354-BB76-CD7939A5F3B6
5FABEB08-9704-458C-AF6C-3E127466AD3B,FRUIT DRINK,18,KLD (Kilo Litre / day),13-02-2017,13-02-2017,D43C51BD-84AA-4ACB-B4AA-8B0CD63B9808
DED2ED8B-3B76-4637-9C70-ACDFF7212DB4,Machinery Oil,4.5,TPD (Tons / day),31-07-2016,31-07-2016,5B0202E4-27C0-4652-AF6B-5F65EC7B87A2
1DC8ADA8-7E4F-47D7-8B0E-CDD7ED26A2E3,Mineral water,1200000,KLD (Kilo Litre / day),01-08-2016,01-08-2016,830D2A5B-CF54-4D06-AC2C-57724335C15B
7CB7885E-A3BF-4A60-81DE-91C88D464C25,PICKLE,600,TPD (Tons / day),01-08-2016,01-08-2016,DAC5AB6F-49E6-4366-AA2A-BF9B13C48030
46C36166-A7B9-40C1-9D1C-8AEA76CB84F1,Atta,1,TPD (Tons / day),01-08-2016,01-08-2016,8E881508-6DC0-468E-8221-CACF4F0ECF15
55C97B38-7008-40AD-8575-22C6F84BDBEB,Cotton Ginning,2000,TPD (Tons / day),01-08-2016,01-08-2016,310760E2-8992-40F1-A573-505D5BC1E998
56455D11-3D94-4D3C-9041-795634598AE0,Labels and stickers,130000,Numbers / day,02-08-2016,02-08-2016,35E9151E-B9AD-49B4-B8A0-9787DD191CD3
5316D3E3-9DDA-4742-A5C0-5FB4E3D68639,khal,8,TPD (Tons / day),02-08-2016,02-08-2016,F93BB206-9D2C-4F60-ABBD-48224CF31D5A
AB4A2797-3EF0-49A2-9D24-65976A65F8AA,khal,8,TPD (Tons / day),02-08-2016,02-08-2016,8B30093C-D23A-46EA-8482-0E63B98CE500
1714016B-9407-4766-A8BF-1889C591ADBE,Software,100,Numbers / day,02-08-2016,02-08-2016,370BA914-DE09-458A-8B77-22104EEE8CA7
5AB02814-9685-4C96-9958-4E52637EF950,Education,400,Numbers / day,02-08-2016,02-08-2016,59EA643C-2D21-47E7-82EE-708E471F51AD
1EDEF8ED-1ACD-4694-8196-4CAAD8D6FB20,Wood Products,150,Numbers / day,02-08-2016,02-08-2016,3D4F4C27-1227-4E05-950C-891186FE3950
071654A7-B685-493A-BEDA-2AD8888831CB,Pigment coating,2,TPD (Tons / day),03-08-2016,03-08-2016,6FB466C0-9ECB-43C4-B4DB-D0F7F0840B7A
2A2E665D-58E5-4C2B-A167-8E529823B3ED,Thinner,1.5,TPD (Tons / day),03-08-2016,03-08-2016,6FB466C0-9ECB-43C4-B4DB-D0F7F0840B7A
6A1950E0-C4B6-4D5D-A5CB-ED49A6A4543C,hardener,0.5,TPD (Tons / day),03-08-2016,03-08-2016,6FB466C0-9ECB-43C4-B4DB-D0F7F0840B7A
54C99B52-0A6B-42F8-AC80-267BCB395023,Research Based,1,Numbers / day,03-08-2016,03-08-2016,4BE21AFA-D32B-42A1-9470-4D8FE79399F3
88D78EDB-FC75-417C-82A4-DD87D879EE20,CAR TAP HYDROCHOLORIDE,1,TPD (Tons / day),03-08-2016,03-08-2016,329FA008-CA69-4D5F-9E8A-8825458EF7CD
2811F548-95D6-4A3C-BA8B-20E082EA72C6,CARBO FURON,1,TPD (Tons / day),03-08-2016,03-08-2016,329FA008-CA69-4D5F-9E8A-8825458EF7CD
C7625BEC-0CD6-433C-AA15-F09C8C3360F7,HEXA CONA ZOL,100,KLD (Kilo Litre / day),03-08-2016,03-08-2016,329FA008-CA69-4D5F-9E8A-8825458EF7CD
2457ABBA-17B3-4DD5-92C2-DF5599F8744C,Bearing Race Kit for Motorcycle,200000,Numbers / day,03-08-2016,03-08-2016,BA36E759-03D0-41B7-8140-90FFCE4BB4B5
2F1503AC-EE34-44E6-AE83-4C63ABA4D0E4,Mustured Oil,0.3,TPD (Tons / day),03-08-2016,03-08-2016,19CF7010-8608-4991-AD17-3FACB693F9B5
38DA0753-C4F9-44D5-B8E2-3954290DB5EE,Bricks,24000,Numbers / day,04-08-2016,04-08-2016,3499B902-7FE7-415B-A5E2-435C8DBDA538
0500A4A9-17B6-4665-831D-D6B1F6CAAE6B,"Bread, Rusks",78,TPD (Tons / day),21-01-2017,21-01-2017,F9481913-863F-44BF-9798-430C41852AA8
0F00E4E2-2B87-4D6F-9402-CC6C2CC55FC5,Bakery Products,12,TPD (Tons / day),22-01-2017,22-01-2017,F9481913-863F-44BF-9798-430C41852AA8
04F8DC8C-A1ED-4A66-B8ED-D7E11BCCD7B2,WOVEN BAGS,3000,Numbers / day,06-08-2016,06-08-2016,0B886542-0F56-4EC4-98C4-DF9AEBDACA11
58FE1269-B8C1-489D-9F2C-4E86BA71433A,JUTE BAGS,5000,Numbers / day,06-08-2016,06-08-2016,0B886542-0F56-4EC4-98C4-DF9AEBDACA11
C9E5F3FD-90BF-429A-A8D0-45131DA3C763,ALIMRA/ TRUNK,5,Numbers / day,06-08-2016,06-08-2016,4253DA0D-C311-4481-830D-75BB85C67A8F
5A559653-A443-4521-8626-733CC8146E09,Plastic moulding,1000,Numbers / day,06-08-2016,06-08-2016,FDF526CC-00E5-4895-90CC-7096CB79AF37
771A8DDC-0D6A-41A4-A9BF-42720A303C8B, COATED STEEL PIPE ,5,TPD (Tons / day),06-08-2016,06-08-2016,36A750D6-2AB7-4B00-A640-A12742934E32
1010084A-3793-494D-934E-67C1418E0F97,Refiend Oil,3,TPD (Tons / day),08-08-2016,08-08-2016,223E620F-FEF6-4127-98F0-05120ABC3C95
C5D5EE57-83AC-4C6B-B912-368B603C718D,OIL CAKE,17,TPD (Tons / day),08-08-2016,08-08-2016,D82D566A-BFF8-41AF-8A70-1272FCE97ED3
3C3B437B-DDA8-4E42-9A11-4F7334D7ABB4,OIL,2.2,TPD (Tons / day),08-08-2016,08-08-2016,D82D566A-BFF8-41AF-8A70-1272FCE97ED3
793D2E5D-5487-49B5-8DBC-3DA9FD1D9403,ManufacturingDesigning of Furniture Goods and Articles Seasoning of Goods,0.8,TPD (Tons / day),09-08-2016,09-08-2016,0CB7237D-B0AD-4CB8-B68A-EC74286D210B
688731E2-AD45-46F1-88F2-B92BD32CF667,Ciprofloxacin,0.17,TPD (Tons / day),17-09-2016,17-09-2016,834A0E23-C332-434E-98FC-3A0DF1332E4A
7936D790-2B0A-4C71-9D51-522A506CB489,Rice,22,TPD (Tons / day),12-08-2016,12-08-2016,A80961EB-F2E5-4C68-92B8-A03BC3DDC2FE
4E9B3E39-7554-4837-ABBD-5AC43E143668,building,1,Numbers / day,12-08-2016,12-08-2016,38B0F3BD-01FE-4513-9433-44A21D8B1CF7
5B333787-0913-4B26-ADC0-59F7A51EFDC3,Bags,0.05,TPD (Tons / day),16-08-2016,16-08-2016,A4184722-5DCB-4A44-9E17-97D3E09CB36F
0064C727-B0B2-49FF-BD7B-FF7369D0EC51,HOSE CLIMP,1,Numbers / day,17-08-2016,17-08-2016,A3419C5B-D4B2-40A2-8964-DF90DBD4D025
7A2F1063-FD96-4FBB-9640-64C76922CB7D,TOILET SHEET,1,Numbers / day,17-08-2016,17-08-2016,A3419C5B-D4B2-40A2-8964-DF90DBD4D025
FFF751FF-1D31-4B44-9A13-5C4EF9E56571,frozen buffalo meat,400,TPD (Tons / day),02-09-2016,02-09-2016,4681B2E5-2D30-45B0-8F70-CC5D53BAEC70
1CEA5D94-DB9A-4571-956E-14D1BD53A904,CABLE KIT,200,Numbers / day,19-08-2016,19-08-2016,30E22EB9-1937-4338-A4A2-FFDE138F9E96
DDEA6D58-4F2A-45F4-91CD-09D93E5AF9B3,not applicable,1,TPD (Tons / day),31-08-2016,31-08-2016,8BAD38D8-6ECE-49C1-9F87-868C0032B89B
6F885A38-C245-4E97-BF93-41F84E75142F,Brick,16000,Numbers / day,24-08-2016,24-08-2016,08235088-FDAC-4151-BE3A-C65908BDD39B
27FCDC92-FDAF-4376-AF44-0532905E75A2,Ready to Eat and Ready to Cook food products,2.5,TPD (Tons / day),25-08-2016,25-08-2016,D3E4195A-80BA-4A2F-B9EC-6DBA4BC17FE6
7659FF4E-66D0-4CB4-9537-51678B0BECA0,Lead Ingots,12,TPD (Tons / day),26-08-2016,26-08-2016,7B0C6F54-EA01-454F-A17A-0D930985ED6C
3F53917C-CF93-4116-B2C0-F573BD45A03A,"Stainless Steel Cutlery, Utensils",43978,Numbers / day,31-08-2016,31-08-2016,A2811D63-46C3-493B-8961-0B6E6E091626
D3E6BF49-94C0-46D5-9516-19817C4F3385,Recycled Kraft Paper,28.5,TPD (Tons / day),09-09-2016,09-09-2016,D3D99F80-3FC8-4EDD-9743-A51E280D0228
0A077CB5-69AC-4440-B4A6-44D785EFA92A,Sweets namkeen,15,TPD (Tons / day),26-08-2016,26-08-2016,CB954FA1-209F-4667-AAA8-C163EE01580B
27A668B3-7F0F-40CF-A22F-1F36C23A3D19,Aluminium Wire,1.64,TPD (Tons / day),29-08-2016,29-08-2016,4B906EC8-C0D4-4AA5-821F-74D492A62146
177E55B2-C9F6-4EBB-8AA6-2B1B71BE9F55,PCC Poles,120,Numbers / day,29-08-2016,29-08-2016,82C9C18C-E1FA-4A83-9956-9759919C3E11
320C05A2-92BB-4F0F-A494-2BF1FCFCBB76,PU RUBBER ROLLER,30,Numbers / day,30-08-2016,30-08-2016,C408476F-02EE-414D-89F6-07061D9FA201
5D2AB4AD-91C2-4604-AB3A-89CA77E7AFE8,"Bio Power Unit, KW Hour",100,Numbers / day,30-08-2016,30-08-2016,80C03581-D5C9-410D-B4B4-D1951ED7CE75
1161D2A9-2963-4981-A361-F2E89BAE3D05,Bio Fertilizer,4,TPD (Tons / day),30-08-2016,30-08-2016,80C03581-D5C9-410D-B4B4-D1951ED7CE75
CB400C24-746E-43A7-933E-62B0BC93DC82,"Organic Dhoop, Soap",0.05,TPD (Tons / day),30-08-2016,30-08-2016,80C03581-D5C9-410D-B4B4-D1951ED7CE75
3D99DFE8-4E36-40EF-BF8C-147C12389256,Fabric,129.88,TPD (Tons / day),31-08-2016,31-08-2016,042B7C0F-46DA-4476-9371-D242ADE6E2D4
67DD2809-5E48-4872-BDEF-3E2709982951,Pasteurized Milk,150,KLD (Kilo Litre / day),03-09-2016,03-09-2016,03503DA3-56E5-445D-950B-CC56ED5FD22B
7779090B-0E4F-47D9-A5BF-CC413220702C,Cloth Thread etc,5000,Numbers / day,06-09-2016,06-09-2016,2DB71826-2756-453E-9C97-970EF528CB09
1AF104E2-2FB5-4657-BF24-4D42E2FA0C36,BATTERY,400,Numbers / day,06-09-2016,06-09-2016,329A1B84-559F-4C9D-AE86-56ED96BB5D66
2DFCD2C0-7399-4C55-AC79-4BC58ED0EE6F,Readymade Garments,5000,Numbers / day,06-09-2016,06-09-2016,5CD86B4F-650E-417A-BD6F-CE643D786F38
D8E3243F-B26E-487D-A49A-4B6A8A674DB3,RUBBER SCRAP,0.4,TPD (Tons / day),06-09-2016,06-09-2016,33AE3426-AAF7-402D-9BDA-77469D8DF13B
4B0D7EDA-00CB-49AA-A67B-EE1090A796E4,speaker repair,10,Numbers / day,25-10-2016,25-10-2016,B51D050E-1B29-43B3-B610-81A47FBCF014
3189038C-BE10-4A7C-88C3-6898DF000FC9,DJ box,5,Numbers / day,25-10-2016,25-10-2016,B51D050E-1B29-43B3-B610-81A47FBCF014
16FCD65E-FDDC-42D6-9C66-5642C0E92646,Break Comber,10,TPD (Tons / day),14-09-2016,14-09-2016,C7A267FF-D1B1-4538-967C-EBF2C7F8F905
F84975F6-83CD-434A-BD5A-701AC6BBB3FA,AUTO COMPONETS,15000,Numbers / day,08-09-2016,08-09-2016,B6A52FBA-36A4-4B8F-9CD1-518149120D41
FD070B48-D769-4384-9B62-6BD11ED11B2F,PATATO ONION AND FRUITS,1740,TPD (Tons / day),19-09-2016,19-09-2016,8F823A1B-FF92-4248-9843-34A9A2FD5567
556A1C32-31E7-4803-B7C7-C9385892EFAF,RUBBER,4,TPD (Tons / day),15-09-2016,15-09-2016,1D2D5C22-056C-4B65-994B-36EF85178994
4E8434CB-3E88-4107-ABC0-7CACB30DE04A,Mustered Oil and Cotton,3,TPD (Tons / day),16-09-2016,16-09-2016,1C3F4D7A-7574-446D-AFB4-EC1535A1A401
C2435A36-5653-4683-AEAB-3E2E6E67D20E,COILS,1000,Numbers / day,16-09-2016,16-09-2016,5692D9F9-0677-40DC-9697-8698253D2643
978B0DE4-47CA-416E-B6DE-8EC15799285F,VEG. FOODS ,5,TPD (Tons / day),23-09-2016,23-09-2016,73B16C62-E53B-442F-97C1-0B52B3EAB026
D678EBF8-2A24-4C79-A95E-3B40EC27BC7F,Textile,520,TPD (Tons / day),19-09-2016,19-09-2016,240CB130-3A7D-4AED-B94E-09041D67433B
2A587AB8-D1EE-4783-B599-D7AFE5588D9B,SHEET METAL,5,TPD (Tons / day),25-09-2016,25-09-2016,21D64369-D721-4516-A8CE-833BEFEDF99A
8C0CDD31-2C81-4409-8DE3-BE4E7B329F8D,TOOL,100,Numbers / day,25-09-2016,25-09-2016,DC05B486-8384-45A9-AF36-C4EADA991D11
4EE20B31-C4AA-47CD-98EA-CDDD999DC4BD,GAD,2,TPD (Tons / day),21-12-2016,21-12-2016,762A8A73-E01C-4317-9097-3DB76CDD38D7
ACC9FCA2-629D-4280-B35A-788947E3A4C6,SHORTAGE,2,TPD (Tons / day),21-12-2016,21-12-2016,762A8A73-E01C-4317-9097-3DB76CDD38D7
C3AE714F-A4BA-4D34-82FE-34000E5B4310,OIL CAKE,85.5,TPD (Tons / day),21-12-2016,21-12-2016,762A8A73-E01C-4317-9097-3DB76CDD38D7
0DB31F31-85F6-48FC-A682-0B0AD52FFB74,OIL,10.5,TPD (Tons / day),21-12-2016,21-12-2016,762A8A73-E01C-4317-9097-3DB76CDD38D7
BCBFBE78-7851-4F90-B74C-A3499C51732B,Ginning and Oil,40,TPD (Tons / day),26-09-2016,26-09-2016,D4B646A8-5FD8-44F3-B80A-EB6965B0B1D1
729898B6-C297-4D75-AB54-B2B2F5D04119,"Polymer, Insulator and Cables",1200,Numbers / day,27-09-2016,27-09-2016,B221C9C2-E3C4-4C90-A538-19F8F5093B56
18DB487D-0DB1-453F-B349-D26AB7E094DE,Rice,67,TPD (Tons / day),26-09-2016,26-09-2016,10FC5287-298E-4704-AEA9-D0CB52CAEE6C
CBE50626-52BC-4D41-888E-4EF0A962EB0D,Biscuit,123,TPD (Tons / day),26-09-2016,26-09-2016,9A40E413-204B-4798-825E-3E6FD8CEC877
67C03541-B8AD-41CC-9DBF-B8BB836B8A0B,Fruit Juice,6000,Numbers / day,27-09-2016,27-09-2016,CD94A81B-93AA-4FE3-9262-6DDEB19A8138
80426B1E-DCE6-46A9-95E6-44703AC834FC,Aluminium Utensils,62000,Numbers / day,27-09-2016,27-09-2016,D7AED503-DE20-45BC-8383-8895A5C69477
85617D00-A5FB-4A5B-B2F9-72D43B080B44,Automotive sealings,3000,Numbers / day,28-09-2016,28-09-2016,71C22D4D-D25E-47FB-B173-2B2C532165C1
7F73B0BD-6EA7-4CF8-AD65-8432B87B051B,Steering wheel assembly with air bag,6000,Numbers / day,28-09-2016,28-09-2016,71C22D4D-D25E-47FB-B173-2B2C532165C1
BFDFBAED-2BA2-4A13-A23E-79411976E4E1,Steel Utensils,40,Numbers / day,28-09-2016,28-09-2016,3F83312F-E9A6-427A-82D4-A82151018D6F
7B8CE7C3-4523-45D1-91E7-022038CBDFCC,Fruit Pulp,1.6,KLD (Kilo Litre / day),29-09-2016,29-09-2016,62E4F159-E992-4AFC-A026-3B4FB04007B2
F296188B-3D80-4608-B620-30941CACE437,water,10.4,KLD (Kilo Litre / day),29-09-2016,29-09-2016,62E4F159-E992-4AFC-A026-3B4FB04007B2
09FE59CF-7A58-42B5-81B4-20948CDBEA03,sugar,1.5,TPD (Tons / day),29-09-2016,29-09-2016,62E4F159-E992-4AFC-A026-3B4FB04007B2
C33A2B1A-7A33-40DF-9319-F971CC5BF9D1,RICE,4.7,TPD (Tons / day),29-09-2016,29-09-2016,0CF49507-23DA-45EE-B17D-8B2999E79408
71F4ABEC-C03E-4649-9225-A6C972408FF8,pasturised milk,50,KLD (Kilo Litre / day),09-12-2016,09-12-2016,2B7E27C1-C25B-4AC5-B7DC-4F191DD1FBFF
17D1FB2C-7ED9-4CBC-B61A-B009D823FD68,butter,7,TPD (Tons / day),09-12-2016,09-12-2016,2B7E27C1-C25B-4AC5-B7DC-4F191DD1FBFF
76338720-EBC6-4790-B74E-CA6A7C5C4AD5,dahi,20,TPD (Tons / day),09-12-2016,09-12-2016,2B7E27C1-C25B-4AC5-B7DC-4F191DD1FBFF
C2515753-37AA-475B-AF34-92D0A47DBBF6,frozen peas,40,TPD (Tons / day),09-12-2016,09-12-2016,2B7E27C1-C25B-4AC5-B7DC-4F191DD1FBFF
5D79AFE7-31CD-4647-A4EF-8897A859E7B8,cheese,2,TPD (Tons / day),09-12-2016,09-12-2016,2B7E27C1-C25B-4AC5-B7DC-4F191DD1FBFF
B0DDF3CA-21FD-4185-B1A4-EFFA64332488,Air Conditioner,1000,Numbers / day,13-10-2016,13-10-2016,C2FAAA24-B490-4731-B4C8-067FA5562300
D17CE503-194C-430B-8FAA-72A7C1CA4BAE,Washing Machine,170,Numbers / day,13-10-2016,13-10-2016,C2FAAA24-B490-4731-B4C8-067FA5562300
34F378E5-B314-4614-82C0-90CC9B764DE7,Milk Chilling,15000,KLD (Kilo Litre / day),07-10-2016,07-10-2016,7E1103B0-EAA6-4CA2-B131-CAFDF6A98857
4C1A11EE-76A6-4255-A194-43061B1C00A2,Car Audio,2000,Numbers / day,14-10-2016,14-10-2016,8E91FBBD-2F19-4082-A92B-C77D639B9BA7
2B2B25AF-BB62-4126-882E-C5B4E4E8308C,Car Speaker,3000,Numbers / day,14-10-2016,14-10-2016,8E91FBBD-2F19-4082-A92B-C77D639B9BA7
7A26AF0F-203E-4747-B71F-FD1700C1566A,Iron Box,800,Numbers / day,08-10-2016,08-10-2016,5B6164AE-8055-4B63-A5A3-9CABEE6EF5D5
2409419D-7E45-4327-B740-EE55C42B7F50,FABRIC BAGS AND ACCESSORIES,6000,Numbers / day,10-10-2016,10-10-2016,FE545AFB-D37F-44EE-833E-D570EAFE24A8
ADEFC716-11D7-43D5-B2AB-48444C4EDCE0,Water,36000,KLD (Kilo Litre / day),17-10-2016,17-10-2016,58373D0D-BD8D-4695-85D7-7A7CB5F92ED9
963B78D6-2559-4005-8734-959F6CAAC018,Wire Nails,0.4,TPD (Tons / day),17-10-2016,17-10-2016,FCEEA5BE-DC1F-4DFD-83D9-C7E514EBAB79
9E63AAA4-4CB7-419C-A0BF-6999E95EEF49,Rice,65,TPD (Tons / day),19-10-2016,19-10-2016,2F6B1527-A4B1-4948-880D-663FBE334C94
EA80AD21-C221-47ED-92A4-E48C6892FCFC,MIX FRUIT JAM,1,TPD (Tons / day),24-10-2016,24-10-2016,B986DF76-FAAB-4418-9D8B-4F73AF02239A
A5153F13-D326-4ACD-B508-BEFC86008980,PLYWOOD AND OTHER WOOD PRODUCTS,100,Numbers / day,21-10-2016,21-10-2016,49983BB3-B3F5-457D-83C1-91771B1AF66A
43306F00-D03C-41C2-823E-65B0C1313EDD,Oil,1500,KLD (Kilo Litre / day),25-10-2016,25-10-2016,0C202580-62EB-4BDF-8BE8-347460539114
1208032C-3A0B-4654-A5CD-958D1A42646E,15,2,TPD (Tons / day),26-10-2016,26-10-2016,A6A14615-B322-4245-9941-C123BEAA4668
BF511D9E-5CB4-4E3A-8EEB-7B9CA62C2DCD,RASGULLA,1000,KLD (Kilo Litre / day),01-11-2016,01-11-2016,321EC065-A5ED-459A-B5FD-84F258CA5694
2F7BBF05-68A7-452B-B613-CF805D048315,aluminium ,3,TPD (Tons / day),03-11-2016,03-11-2016,E5B71540-98A8-456B-A868-60E2B852CE72
7242D68E-A11B-4C11-9C67-E3C6046BA06D,mix fruit jam ,1,TPD (Tons / day),03-11-2016,03-11-2016,9A2D3E72-31EA-4386-AFD4-AA6A827A7A4B
D3F9EDD0-845E-4C6A-A13A-F71B48F5C5C8,DECORATIVE LIGHT,20,TPD (Tons / day),04-11-2016,04-11-2016,29260153-3FB9-44FB-85D3-9847C16F2FA1
CF517A58-7797-43E7-AFFA-F3503FA45172,LIGHTS,25000,Numbers / day,04-11-2016,04-11-2016,29260153-3FB9-44FB-85D3-9847C16F2FA1
766238CE-2B59-4CBD-A414-82BEC1889A40,Steel Utensils,40,Numbers / day,04-11-2016,04-11-2016,7F86E01C-B43A-4A8B-85FB-3CF2B18AA6FD
74822372-CEE0-48D0-A11B-D2774022547C,Led,3.5,TPD (Tons / day),07-11-2016,07-11-2016,EAB3A97B-0389-43DE-A219-7DDE26938D15
69542609-385C-4257-98CD-66BDADD843FC,Fibre Sheet,305,KLD (Kilo Litre / day),15-11-2016,15-11-2016,5A81E98D-ECA1-478C-BEA6-719397417233
4FC94F88-67BF-4299-B28B-13E67C9E51B3,OIL RECIRCULATING SYSTEMS,1,Numbers / day,18-11-2016,18-11-2016,D5E276F8-0D0B-42EF-B57E-38ED93213742
2859ACD8-A321-4FF9-8630-BC29B0AA8933,COOLING WATER SYSTEMS,2,Numbers / day,18-11-2016,18-11-2016,D5E276F8-0D0B-42EF-B57E-38ED93213742
02EF77A7-B8DE-4D30-8B89-9C0A6EC6984E,BASIC OIL SYSTEMS,1,Numbers / day,18-11-2016,18-11-2016,D5E276F8-0D0B-42EF-B57E-38ED93213742
65AC0FFF-2643-4157-990D-8AC501BA8B4E,Alloy Wheel,2300,Numbers / day,21-11-2016,21-11-2016,1365877A-C5AD-400B-8A35-D73074B809A5
EBFF1252-C965-4AE3-ABBC-7F77A0D68866,BODY SET,5,Numbers / day,19-11-2016,19-11-2016,94D4F10F-3D18-44AB-A28A-E989BECC21CC
91EB5C61-E75A-4806-8ACA-08FD6D5879AE,PANEL,5,Numbers / day,19-11-2016,19-11-2016,94D4F10F-3D18-44AB-A28A-E989BECC21CC
E2268F77-F207-4E43-9506-DCC337AE3049,PP BCF CARPETS,4.2,TPD (Tons / day),20-11-2016,20-11-2016,6CD66077-FA28-4221-B48C-9ED77F7767EE
03A85781-2312-4999-8092-FB3B8EE3B174,Electrical Panel,2,Numbers / day,21-11-2016,21-11-2016,08110B73-BA45-4CC1-BC4A-02AF4ADAEE42
996CA279-E843-44DC-9C3B-070DF7F834D1,Fibre Sheet,265,KLD (Kilo Litre / day),21-11-2016,21-11-2016,ADF27E2C-32A9-4E76-912D-726687D6FD20
104C824D-9666-45EA-BA30-8B6F45126F00,AUTOMOBILE COMPONENTS,1,TPD (Tons / day),23-11-2016,23-11-2016,23600AB3-8C3B-4E7B-AC9E-473304EF0EE5
DEE2B441-92BD-4BE6-904A-B9360F50ED8D,Brick,3000,Numbers / day,22-11-2016,22-11-2016,15C1D33A-FEF4-492A-8FB4-E7BC9750B42B
B0DAB508-E805-4816-A39C-C29CA2DD5E16,NA,1,TPD (Tons / day),28-11-2016,28-11-2016,73226393-7776-43DD-A760-988767136B21
F9F7E5A9-20FC-4D84-B51D-8C8C1A99DC11,Brick,3000,TPD (Tons / day),24-11-2016,24-11-2016,7240D33F-3082-44BC-953D-F9BE09C07AA4
5EFC0E90-8DF9-45B4-AA2E-E4AAC1823113,Cold Storage Veg and Fruit,5000,TPD (Tons / day),25-11-2016,25-11-2016,28B9FFA6-0731-4688-A62B-E4DAA924ABB7
E016BE78-BDC6-4276-8963-BD1C52DD152D,Sweetened Carbonated Beverages,197,KLD (Kilo Litre / day),20-01-2017,20-01-2017,C2B1C537-ABFB-4425-9647-D3C55A1D7648
C2243278-5EC0-46E3-9F9A-BE83B44910C7,RTS Beverages(Juice),323,KLD (Kilo Litre / day),20-01-2017,20-01-2017,C2B1C537-ABFB-4425-9647-D3C55A1D7648
663AB24B-AB77-4052-9107-1744D4E7B887,Footwear,6666,Numbers / day,30-11-2016,30-11-2016,A526D9C5-8919-4DD8-8A0A-0914D9FB726A
5CFF6E32-325D-40DE-8A4E-2F851E29C522,CL/IMFL,6000,Numbers / day,01-12-2016,01-12-2016,13D57C82-2779-4A3B-BC90-51CCEBD6968B
1CED03FF-8768-4EAC-AB83-973483BF7E2D,CL/IMFL (In Cases),6000,Numbers / day,01-12-2016,01-12-2016,DFA24F15-F57E-45BB-A8C9-79341276015B
8BE4C394-BC90-49D9-8879-34B0E2CAB088,RCC PIPES,40,Numbers / day,01-12-2016,01-12-2016,64C51C85-18D4-40B3-ABE3-C74977BA2868
1AC5970D-F6AF-45BF-B5FD-0E42C456C606,paper tags,3,TPD (Tons / day),06-12-2016,06-12-2016,651239AC-F58B-46E5-A1FB-33B1F2829FE7
D17A1607-B88A-4BEE-80F0-06F402562E47,Casting Parts,20,TPD (Tons / day),09-12-2016,09-12-2016,98B75951-019B-4859-8F1F-192213D21DE6
76DA8A05-9A41-438D-A70C-6A6E57832061,Machines,2,Numbers / day,10-12-2016,10-12-2016,DD593D02-C894-4CDE-B59F-08FA5B6E3C5B
032EEB8F-BC5E-4440-8751-BBBC9E6A9FA8,CORRUGATED BOXES,20000,Numbers / day,12-12-2016,12-12-2016,152B3E7B-A76C-456D-95EB-DF87EB9E337F
639BCA28-BB8F-4145-BA3A-A6F1D07A6327,Iron and Sheet,5,Numbers / day,16-12-2016,16-12-2016,B40555BE-AE5D-4469-9EFF-6B6D918A5908
48A23608-0A52-4507-A72E-B85C63215410,Pesticides,5,TPD (Tons / day),16-12-2016,16-12-2016,A75C50BE-54BF-4F36-99D3-5A09C6981222
8365E57F-5A51-4051-A85D-AC94D0B6FB2E,Real Estate,1,Numbers / day,19-12-2016,19-12-2016,F6384BA8-2D4A-404C-B1CA-9D4F7E2CCF7D
33D9107D-62B7-4CE9-99E2-08A337DA28B9,Real Estate,1,TPD (Tons / day),02-01-2017,02-01-2017,C46FFDA2-C4FC-46B3-885D-5ACBC50D3D52
E8A3C96A-B7D6-4265-AF7C-33478C7A8264,NON-WOVEN FABRIC,9.99,TPD (Tons / day),23-12-2016,23-12-2016,FF0A7421-E040-4B5C-8B0B-95E260A9E9C7
F77C8AE9-CA13-43EB-8D46-2458F16197EF,Rubber,5,KLD (Kilo Litre / day),24-12-2016,24-12-2016,6853866D-6B2D-4C78-BB83-78E33A83A27C
FFD19FD9-8DAF-4089-97E2-BA938F433824,CARPETS,1200,Numbers / day,26-12-2016,26-12-2016,279DDFF4-D77C-4A95-A1E4-2C72A95EC820
05FA805F-03CB-4AB2-BC87-CC362D826904,COLD STORGE,3825,TPD (Tons / day),27-12-2016,27-12-2016,E41DE93E-ACE9-4E21-8750-A09DB71B873F
EFF8B36C-6610-4D5C-8734-681C00F40035,"Stone Dust, Zeera Rori etc.",3000,TPD (Tons / day),29-12-2016,29-12-2016,4BF6E597-6A2C-4C8C-A451-7A96CDFCCC1B
2880A8A1-B38D-40E9-850F-0D8AD975EDF7,paper tags,3,TPD (Tons / day),29-12-2016,29-12-2016,3CCE371C-87FE-4705-AEB0-91A36A81035C
6593D61F-303F-441E-8070-BCAE7A7F683F,Real Estate,1,TPD (Tons / day),29-12-2016,29-12-2016,32BA474C-49D5-482D-AC49-926AFB3295A0
A2D61F94-C435-49D4-A9C7-70A1D2D99E1D,Candy/Toffee,0.36,TPD (Tons / day),30-12-2016,30-12-2016,436F88DE-CA38-4B78-BF99-011CE63379F2
F8413213-2EB4-411B-8DC8-EAB5DA097119,Tube valves,40000,Numbers / day,31-12-2016,31-12-2016,28F4765D-6D61-4A97-BBC6-411381AA7A1D
23033853-46B4-4470-905C-DC4FA782D991,Rolling Mill,6000,TPD (Tons / day),31-12-2016,31-12-2016,8FA90F36-688F-4404-8F28-9D1C5541F24D
3F658D2B-A167-4010-8EFE-8B9A53918898,Dry Fruits cracking  Pulses packing ,1.8,TPD (Tons / day),31-12-2016,31-12-2016,6603AFD7-17FE-4506-B14A-40AD924791AB
9F627BBF-F2B1-4A32-8004-45A3807BFB21,Thymol and Synthetic aromas,0.95,TPD (Tons / day),02-01-2017,02-01-2017,DEFF9898-D5E8-4B08-8DEE-B0DFED34EF79
7FE9500A-50B3-4AA9-8844-15004706F3E2,TEST,1,TPD (Tons / day),03-01-2017,03-01-2017,789D79AC-E45D-4B29-8CF2-E7C1D7D77104
6897DEAE-CAFE-48D4-A25A-0450541348BC,Wheat,5,TPD (Tons / day),10-01-2017,10-01-2017,0890F645-FAFE-4DBA-96D0-3E6F2540F162
72095615-CDD6-4084-8F27-16FBD5FEC329,SS PIPE,0.96,TPD (Tons / day),17-01-2017,17-01-2017,F233DCEB-6B3B-4B6C-B73E-9D8E0095D4B9
B004BA39-AFAC-4D66-8D3F-1C051AF79511,Blocking Tiles,3000,Numbers / day,19-01-2017,19-01-2017,57875B88-99B3-4C59-945E-028AF5A80EC8
3B0B7D89-065C-4899-90DA-4127B2B40884,Seeds for sowing,10,TPD (Tons / day),31-01-2017,31-01-2017,276C2200-1895-4FB9-8836-298DCB9ED6E4
94DE9397-9F06-4350-A53C-C7C76A1DF772,prolysis oil,3.5,KLD (Kilo Litre / day),19-01-2017,19-01-2017,14ABF7B2-432D-43D6-95C2-056A0C506409
98B6799F-81A1-445C-A9A7-4ECCF0D63DD8,carbon,3.2,TPD (Tons / day),19-01-2017,19-01-2017,14ABF7B2-432D-43D6-95C2-056A0C506409
D9AD5DA9-D73E-4A79-8249-90217D840897,scrap wire,1.5,TPD (Tons / day),19-01-2017,19-01-2017,14ABF7B2-432D-43D6-95C2-056A0C506409
A0E3A892-044D-456F-A8C0-6E41627C5574,RAILWAY PARTS,9.7,TPD (Tons / day),30-01-2017,30-01-2017,9A0B9A11-1EC0-4635-AF0B-85BC89861107
75CAC0F9-8D75-4EAA-9D3B-4D8E2ED36172,Apple,180,TPD (Tons / day),07-02-2017,07-02-2017,B1338804-9705-494F-A206-D27A2AE7ACD7
F420B75C-2509-42ED-80A1-8546D11427F8,plywood,576,Numbers / day,20-01-2017,20-01-2017,D512FA24-5607-43E1-9DD1-C191A52D8990
F94FF360-A507-463B-B781-D13C83AE81E5,board,864,Numbers / day,20-01-2017,20-01-2017,D512FA24-5607-43E1-9DD1-C191A52D8990
DCF272E8-A4BE-4183-89EB-424D66872016,Edible Cashew Kernels,2.5,TPD (Tons / day),20-01-2017,20-01-2017,F0265247-9362-48C2-8479-B833D552BDE9
1FB1D713-64C7-4A94-B7CC-1E802033663C,LPG CYLENDERS,500,KLD (Kilo Litre / day),24-01-2017,24-01-2017,26B96354-2821-4249-A75F-7EB4B3E0B363
0273CD9B-959A-4885-92EE-C854B00652C7,SCHOOL,10,Numbers / day,23-01-2017,23-01-2017,290E3144-A17C-4A48-BEF8-C20A3EDAAE43
60249A26-484A-4399-B711-19ADF47DD112,MILK,2750,KLD (Kilo Litre / day),25-01-2017,25-01-2017,6A5B00E0-CC50-44BF-BBD7-2537F027587C
4452F8FA-FBE2-4E59-AE2C-288ADD037E8E,PVC WIRE,0.4,KLD (Kilo Litre / day),25-01-2017,25-01-2017,1F01CC87-6522-4D51-BDBA-E2AC7BE35942
B2640AF2-495E-445C-AC85-FCC9798BD73D,trolley,2,Numbers / day,25-01-2017,25-01-2017,74288809-EB77-44EC-892E-C48A76197C75
C2B4202F-8E37-4985-93EC-9AD8ECE95E0C,SEWING THREAD,0.5,TPD (Tons / day),31-01-2017,31-01-2017,B4A28A2F-E963-40AC-A310-DF45ABBDB780
4779DC1F-699A-4CC7-B3A9-984AE67C5DE5,Readymade Garment,5000,Numbers / day,31-01-2017,31-01-2017,24E75258-B938-405A-838B-9E3455C0255F
B7389725-545F-48F6-8EB6-F9E1E0C5B57F,CANNED FRUITS AND VEGETABLES,5,TPD (Tons / day),01-02-2017,01-02-2017,31D38119-7E35-4952-A6C1-2CAB7F9566A6
FEAE4F82-3B18-439A-B115-9B15A60A3D3F,DIESEL,2000,KLD (Kilo Litre / day),01-02-2017,01-02-2017,1C92A45D-095D-42E6-8617-202E4C476458
F315D60F-9DDC-4DD3-988F-60B5452383E7,TRANSFORMER MANUFACTURINGS AND PANEL,1,TPD (Tons / day),02-02-2017,02-02-2017,9F952617-C373-431E-954C-BD86C565D130
A0557CF8-41FF-479C-A219-8BB71F32DFD2,Complete Valve and Valve Plate,1,TPD (Tons / day),02-02-2017,02-02-2017,CB9A9203-4524-4DD2-99E4-16FE5FB6028F
16341658-6EAE-490E-B857-3B6247F4F4CF,JUICE,20000,KLD (Kilo Litre / day),05-02-2017,05-02-2017,BFD2E233-855D-41D5-837C-78B3C71EE41A
66EB12FD-290F-4C76-9410-B031BA77F04F,BREAD MIX,2,TPD (Tons / day),08-02-2017,08-02-2017,372FB0EE-B3C0-4D8F-90DB-E6E6B49F4A16
E51494FF-F37B-45B5-B895-15B4DD81FAFE,MUFFIN MIX,1,TPD (Tons / day),08-02-2017,08-02-2017,372FB0EE-B3C0-4D8F-90DB-E6E6B49F4A16
DA675148-5669-43D0-9522-F023846E219E,CAKE MIX,7,TPD (Tons / day),08-02-2017,08-02-2017,372FB0EE-B3C0-4D8F-90DB-E6E6B49F4A16
D3C58ECF-CE44-4AEC-9EEC-7BF73A1423D5,Welding Torch,10,Numbers / day,08-02-2017,08-02-2017,AF98F8EA-AAB4-4E83-B334-53A554760585
0CC11300-0282-4A7D-9866-E716A85B728E,Welding and Cutting Machine,2,Numbers / day,08-02-2017,08-02-2017,AF98F8EA-AAB4-4E83-B334-53A554760585
01870B98-9D9B-4DAC-8E74-B4F3CDFA64E6,Aluminium Utensils,5,TPD (Tons / day),09-02-2017,09-02-2017,01A935FD-0E93-44A0-9FC2-534FAC124895
19813544-108A-4726-B305-C6BC131EB317,Moulding powder and Crockery,200,Numbers / day,10-02-2017,10-02-2017,F9A74701-245A-4AF6-B3D9-6F453FECAE53
36784E7F-6609-419B-83F0-86060D2DA2F5,PLY,10,KLD (Kilo Litre / day),11-02-2017,11-02-2017,18DA2FC4-6C4D-4E2A-AA94-DA6EB46907DE
7CBD18B4-A7DA-44AA-A5FD-9621017F167D,na ,1,Numbers / day,13-02-2017,13-02-2017,DB91A8D8-7EDA-44FE-80C3-071F6CB4D615
BF2ACDDF-FE74-4D1B-9B96-C34A7B13035E,Blanket Bed sheet Tripal Rugs Curtain,1700,TPD (Tons / day),16-02-2017,16-02-2017,C5120156-8F64-4D15-AF32-54D0283FF3A4
E24D9837-7002-4D73-A2C8-E035D67D8E46,SPRING,100000,Numbers / day,16-02-2017,16-02-2017,DB358A8E-864D-4AED-B186-E9F39CDCF2FD
75B95ADA-5FB8-4079-BD10-3F38C56C9C75,100000,1.5,TPD (Tons / day),16-02-2017,16-02-2017,3810D234-832E-496D-82E5-4F4981B5F279
D3A42BDA-C195-4DBE-AA0D-CCAEC0A03DB6,COTTON RUGS,500,Numbers / day,17-02-2017,17-02-2017,497D5AE8-26EA-4C4E-AC21-6D4B116FEB0F
4B12EECA-3569-4B96-B65E-15CA6DB78241,Footwear,120,Numbers / day,18-02-2017,18-02-2017,9B319716-976C-4F92-9BD0-2DB228353E4B
D2961D56-6F91-4EB2-AFE9-35AC01472015,Plastic Grannuals melt ,1,TPD (Tons / day),21-02-2017,21-02-2017,F5906938-7B43-445B-9EC9-5E7C3C4E5DE5
C7C7D371-D93F-4644-89F8-DC8F1F2F1C51,LED Bulbs,40000,Numbers / day,21-02-2017,21-02-2017,023552AE-CC5E-42E6-ACFB-22BE4762B5C0
02ADC5D6-1E8B-4D07-A578-CEC5B6113825,Printed Foil and Films,0.65,TPD (Tons / day),22-02-2017,22-02-2017,41B0AA88-032D-45E8-BC4F-43DF6D5A4158
07AD8C0F-DADF-404C-A5B4-DFAF1B2BA617,COTTON RUGS,600,Numbers / day,25-02-2017,25-02-2017,06A1E9D6-9E43-4520-AFCD-14066C0845EF
FA94EFC8-090C-4592-8B2E-47890D4632DE,CUSHION COVERS,200,Numbers / day,25-02-2017,25-02-2017,06A1E9D6-9E43-4520-AFCD-14066C0845EF
C5EC2F11-B47D-41F6-B5C4-71064A45E77B,BATHRUGS,300,Numbers / day,25-02-2017,25-02-2017,06A1E9D6-9E43-4520-AFCD-14066C0845EF
64D91F77-1560-40C8-9085-14704AB98471,plastic pipe fittings,1,TPD (Tons / day),26-02-2017,26-02-2017,DF5E2EC4-22C9-4473-B471-E48B83D9CE92
E49BBB0E-677F-43D8-95D9-B91F9CFE4BDF,CPW,6,TPD (Tons / day),26-02-2017,26-02-2017,B9FB43AA-95BA-4078-887D-C91CC80009C3
774CAA0D-6DB0-4715-A3D4-EC4124F420A3,Plastic Film Extruder,10,TPD (Tons / day),27-02-2017,27-02-2017,30514797-8851-4C27-87ED-D204A7EFCF47
615FBBBE-C9BA-4D00-8425-316B67E345B5,Parts,1.5,TPD (Tons / day),27-02-2017,27-02-2017,23297E06-DFFA-4EB8-A022-116C0D51B145
09E2A94B-A598-4B70-B268-BB4B9C35AAF4,GLUE,1,TPD (Tons / day),28-02-2017,28-02-2017,E01F2C8C-3D40-4C2A-9458-3D19D09CC37D
8B138432-D553-40C9-B254-502BFD583B85,Mandeep,200,Numbers / day,01-03-2017,01-03-2017,62EEFC49-0665-4F00-ADE0-43B00E956AFB
EBC2B3B7-D458-46DD-B444-AC83440E7871,Perforated Sheets,50,Numbers / day,01-03-2017,01-03-2017,351BFB9C-D47C-4B35-92B4-2CAD823CC4DC
4B797E6F-51DA-4C55-A715-4DD7310E69F7,Machinery,0.1,Numbers / day,02-03-2017,02-03-2017,556DF9D3-D546-4CBC-BD12-5D682FD36712
5A3BC913-643E-4F67-ACB4-EBB97D9792EF,COTTON WASTE YARN,8,TPD (Tons / day),03-03-2017,03-03-2017,71DCE011-0442-48CC-A9AA-8384A5B5700E
CFC8FF40-F3F7-48F9-A2BB-AB28D392010D,ERW High Speed Tube Mill,0.05,Numbers / day,03-03-2017,03-03-2017,8969D271-2370-4E75-AA33-633C79E254C6
CA80EAA4-96B1-48B0-BC5C-9C946B1E90E2,Cold / Hot Rolling Mill,0.05,Numbers / day,03-03-2017,03-03-2017,8969D271-2370-4E75-AA33-633C79E254C6
A2CE333F-6D21-42FB-9375-6AA64882FD7A,Coil Processing Equipment,0.05,Numbers / day,03-03-2017,03-03-2017,8969D271-2370-4E75-AA33-633C79E254C6
F681EBE9-CB4F-45AF-8B71-B81192D50BBC,SUGARCANE JUICE BOTTLES,48000,Numbers / day,07-03-2017,07-03-2017,4C99C30F-0699-4092-A062-FF24184D4966
9D302F01-5A49-44C7-80E2-282380F31BB3,CNG,10,KLD (Kilo Litre / day),07-03-2017,07-03-2017,14E1FB79-60A8-402C-B3DC-F76765D828E9
2EE67802-3188-4775-98A1-3E286E007582,Tampered Auto Glass,700000,Numbers / day,14-03-2017,14-03-2017,1EB30852-5C2D-42B1-9A5B-E4AF70DF8F8C
D063073C-8202-464E-8764-4445303EE82D,RICE,84240,TPD (Tons / day),09-03-2017,09-03-2017,5F86EA7F-5EC9-41C2-B3D7-72D09C4B30DC
60C64CD5-3B84-4338-A1CD-B14151F127CE,RICE BRAN,10368,TPD (Tons / day),09-03-2017,09-03-2017,5F86EA7F-5EC9-41C2-B3D7-72D09C4B30DC
D0D910EE-FD7D-4E91-BEB4-F2794D5C96EC,HUSK,25920,TPD (Tons / day),09-03-2017,09-03-2017,5F86EA7F-5EC9-41C2-B3D7-72D09C4B30DC
4D23E5B3-F7C9-427B-BA62-66BD75A8EA24,ACEROOTS-P,100000,Numbers / day,14-03-2017,14-03-2017,A88F65A3-6549-4CF7-BED5-90DB73F53256
24745900-00FE-4D65-9DD2-7F6D394209E8,AZIROOTS-250,50000,Numbers / day,14-03-2017,14-03-2017,A88F65A3-6549-4CF7-BED5-90DB73F53256
72B72F31-6A95-45A6-9105-DB1D17F4E0B1,Corrugated boxes,200,Numbers / day,16-03-2017,16-03-2017,D66A5C00-A766-446A-B152-FBD5B73DC572
AB4B0B64-D8A8-4246-AB90-2DD19CB88492,BOPP BAGS,10750,Numbers / day,15-03-2017,15-03-2017,7D7ED632-CCB6-4CEE-B86E-492469F6909C
5A7A3547-DDCD-4C4B-9516-09B98A9123AB,Air Handling Air pollution control and HVAC  equipment,2.4,TPD (Tons / day),17-03-2017,17-03-2017,2EEEE880-3B47-46FD-B1FB-84F98340B1DD
948CC268-DAED-429C-A8DD-B66596F8801A,Binola,30,TPD (Tons / day),17-03-2017,17-03-2017,6293A62D-26E5-4527-88D8-0F21AD76C11F
CAD01467-517D-4D2C-8029-FB4CBEE5B670,Cotton,18,TPD (Tons / day),17-03-2017,17-03-2017,6293A62D-26E5-4527-88D8-0F21AD76C11F
322B44E6-D824-407B-8E9D-D9E8B229CD0E,PATS OF HELMET,10000,Numbers / day,19-03-2017,19-03-2017,5D55B9CD-134C-4DA5-8BF8-BE47F6BCD6F6
60B43F98-CF5E-40B6-894A-096E75DC9C50,Auto sheet metal components,2,TPD (Tons / day),19-03-2017,19-03-2017,5D55B9CD-134C-4DA5-8BF8-BE47F6BCD6F6
0BF98670-B240-40D3-AD41-1FC68C884D3C,AC,1000,Numbers / day,22-03-2017,22-03-2017,47CB7422-29EA-42E6-B5A5-F0C1E874A4CB
6F5BB611-31DF-4B64-9CB4-23D55F272D7F,Waching Machine,170,Numbers / day,22-03-2017,22-03-2017,47CB7422-29EA-42E6-B5A5-F0C1E874A4CB
D7515C4A-81F4-4E14-B9BD-16E9479B7C3F,Cotton Oil ,315,TPD (Tons / day),23-03-2017,23-03-2017,12EDC13A-345E-4A32-B214-4FF2BA39F1A4
